"mu1","mu2","tau11","tau22","tau12"
1.48399188869817,1.82365165293155,0.356935141166892,0.682588617194212,-0.209496135695532
