"mu1","mu2","tau11","tau22","tau12"
1.38787465332196,1.80430574602274,0.297295027169688,0.671241417489373,-0.189012663062217
