"mu1","mu2","tau11","tau22","tau12"
0.746362930441201,0.746417375841215,0.1705454583477,0.587951529172285,-0.283229491193666
