"mu1","mu2","tau11","tau22","tau12"
0.690377590072111,2.3618711889925,0.556193771099766,1.1330124197885,-0.249192395011751
