"mu1","mu2","tau11","tau22","tau12"
0.507680074128245,1.61958267694669,1.2758058598012,1.70703195072804,-1.33050860504249
