"mu1","mu2","tau11","tau22","tau12"
0.746362930355018,0.746417375855432,0.170545457926898,0.58795153202808,-0.28322949121563
