"mu1","mu2","tau11","tau22","tau12"
2.90659676234683,1.70184066662047,0.449955470990537,0.626745736829609,0.131662697151709
