"mu1","mu2","tau11","tau22","tau12"
0.24944596908891,2.83630738918563,0.873040163531895,0.588721380877028,-0.455286173496437
