"mu1","mu2","tau11","tau22","tau12"
-1.05573416300481,3.46994122795465,1.46723052985535,1.95036534862363,-0.699975362418337
