"mu1","mu2","tau11","tau22","tau12"
2.69135107548117,1.54955714099683,0.492006161325859,0.730812854099996,0.184279664025385
