p,maxb,k
0.1,0.66235,10000
0.2,0.5257,10000
0.3,0.43293,10000
0.4,0.35909,10000
0.5,0.29354,10000
0.6,0.23533,10000
0.7,0.17791,10000
0.8,0.12041,10000
0.9,0.06044,10000
1,-0.00435,10000
