"t","theta1","theta2","tau11","tau22","tau12"
5,0.525899116729546,0.353600372712465,0.197208976826465,0.336169291024615,-0.241544542661975
