"t","theta1","theta2","tau11","tau22","tau12"
3,0.669940084395593,0.28248519958629,0.496609995982857,0.260317172025221,-0.307280851464006
